#{"t_start": 1762053895.9630232, "env_id": "MountainCar-v0"}
r,l,t
-274.6814,200,2.023803
-269.984995,200,2.421805
54.774819,167,2.757492
-48.732203,200,3.155984
-84.789778,187,3.521573
