#{"t_start": 1762053809.3221228, "env_id": "MountainCar-v0"}
r,l,t
-284.035606,200,1.721568
-286.269848,200,1.939551
-272.648035,200,2.157459
-282.014924,200,2.392312
-272.422634,200,2.607826
-277.922702,200,2.822912
-297.218729,200,3.037278
-282.338266,200,3.253392
-287.297131,200,3.471862
-286.736877,200,3.69102
